Titel,Sender,Jahr,Regie,LB ★,MUBI ★,Stimmen,Dauer (min),Hinzugefügt am,Beschreibung,Mediathek-Link,Letterboxd-Link
Der Pate II,3Sat,,Francis Ford Coppola,4.58,,1435713,189,20.02.2026,"In the continuing saga of the Corleone crime family, a young Vito Corleone grows up in Sicily and in 1910s New York. In the 1950s, Michael Corleone attempts to expand the family business into Las Vegas, Hollywood and Cuba.",https://www.3sat.de/film/spielfilm/der-pate-ii-100.html,https://letterboxd.com/film/the-godfather-part-ii/
Der Pate,3Sat,,Francis Ford Coppola,4.52,,2746856,166,13.02.2026,"Spanning the years 1945 to 1955, a chronicle of the fictional Italian-American Corleone crime family. When organized crime family patriarch, Vito Corleone barely survives an attempt on his life, his youngest son, Michael steps in to take care of the would-be killers, launching a campaign of bloody revenge.",https://www.3sat.de/film/spielfilm/der-pate-100.html,https://letterboxd.com/film/the-godfather/
Memories of Murder,ARTE.DE,,Bong Joon Ho,4.42,,1018921,125,09.04.2018,"A sadistic serial rapist and murderer of young women terrorizes a small province in 1980s South Korea. To prevent further crimes, three increasingly desperate detectives with conflicting methods race against time to unravel the violent mind of the killer in a futile effort to solve the case.",https://www.arte.tv/de/videos/078681-000-A/memories-of-murder/,https://letterboxd.com/film/memories-of-murder/
The Father,ARD,,Florian Zeller,4.29,,433267,90,05.06.2026,"A man refuses all assistance from his daughter as he ages and, as he tries to make sense of his changing circumstances, he begins to doubt his loved ones, his own mind and even the fabric of his reality.",https://www.ardmediathek.de/video/Y3JpZDovL2FyZC5kZS9wbGFuQVJEXzdkZGZmNDM1LTJkMWYtNGFkMS05YWVjLTU4MGM1NTE3OTYxZV9nYW56ZVNlbmR1bmc,https://letterboxd.com/film/the-father-2020/
Anatomie eines Mordes,3Sat,,Otto Preminger,4.24,,94092,154,21.09.2025,"Semi-retired Michigan lawyer Paul Biegler takes the case of Army Lt. Manion, who murdered a local innkeeper after his wife claimed that he raped her. Over the course of an extensive trial, Biegler parries with District Attorney Lodwick and out-of-town prosecutor Claude Dancer to set his client free, but his case rests on the victim's mysterious business partner, who's hiding a dark secret.",https://www.3sat.de/film/spielfilm/anatomie-eines-mordes-106.html,https://letterboxd.com/film/anatomy-of-a-murder/
Es war einmal in Amerika,ARTE.DE,,Sergio Leone,4.22,,314142,217,08.06.2026,"A former Prohibition-era Jewish gangster returns to the Lower East Side of Manhattan over thirty years later, where he once again must confront the ghosts and regrets of his old life.",https://www.arte.tv/de/videos/046617-000-A/es-war-einmal-in-amerika/,https://letterboxd.com/film/once-upon-a-time-in-america/
Aftersun,3Sat,,Charlotte Wells,4.21,5.0,1613000,97,12.04.2025,Sophie reflects on the shared joy and private melancholy of a holiday she took with her father twenty years earlier. Memories fill the gaps between camcorder footages as she tries to reconcile the father she knew with the troubled man she didn't.,https://www.3sat.de/film/spielfilm/aftersun-100.html,https://letterboxd.com/film/aftersun/
The Straight Story – Eine wahre Geschichte,3Sat,,David Lynch,4.19,,175129,104,30.05.2026,"Retired farmer and widower Alvin Straight learns one day that his distant brother Lyle has suffered a stroke and may not recover. Alvin is determined to make things right with Lyle while he still can, but his brother lives in Wisconsin, while Alvin is stuck in Iowa with no car and no driver's license. He then has the idea of making the trip on his old lawnmower, thus beginning a picturesque and at times deeply spiritual odyssey.",https://www.3sat.de/film/spielfilm/the-straight-story---eine-wahre-geschichte-100.html,https://letterboxd.com/film/the-straight-story/
"Bis dann, mein Sohn",ARTE.DE,,Wang Xiaoshuai,4.16,,15573,174,19.09.2022,Two married couples adjust to the vast social and economic changes taking place in China from the 1980s to the present.,https://www.arte.tv/de/videos/105513-000-A/bis-dann-mein-sohn/,https://letterboxd.com/film/so-long-my-son/
Scarface,ARTE.DE,,Brian De Palma,4.14,,1642436,145,28.06.2026,"After getting a green card in exchange for assassinating a Cuban government official, Tony Montana stakes a claim on the drug trade in Miami. Viciously murdering anyone who stands in his way, Tony eventually becomes the biggest drug lord in the state, controlling nearly all the cocaine that comes through Miami. But increased pressure from the police, wars with Colombian drug cartels and his own drug-fueled paranoia serve to fuel the flames of his eventual downfall.",https://www.arte.tv/de/videos/041133-000-A/scarface/,https://letterboxd.com/film/scarface-1983/
Stolz und Vorurteil,3Sat,,Joe Wright,4.14,,2167859,116,19.10.2025,"A story of love and life among the landed English gentry during the Georgian era. Mr. Bennet is a gentleman living in Hertfordshire with his overbearing wife and five daughters, but if he dies their house will be inherited by a distant cousin whom they have never met, so the family's future happiness and security is dependent on the daughters making good marriages.",https://www.3sat.de/film/spielfilm/stolz-und-vorurteil-100.html,https://letterboxd.com/film/pride-prejudice/
Frauen am Rande des Nervenzusammenbruchs,ARTE.DE,,Pedro Almodóvar,4.12,4.0,237329,84,06.05.2019,"After being dumped by her lover, Pepa finds her life and the lives of those around her spiraling out of control in a deliciously chaotic series of events.",https://www.arte.tv/de/videos/036694-000-A/frauen-am-rande-des-nervenzusammenbruchs/,https://letterboxd.com/film/women-on-the-verge-of-a-nervous-breakdown/
Die Geheimnisse von Lissabon,ARTE.DE,,Raúl Ruiz,4.1,,4259,249,21.05.2026,"The tragic story of the many lives of Father Dinis, his dark origins and his pious works, and the different fates of all those who, trapped in a sinister web of love, hate and crime, cross paths with him through years of adventure.",https://www.arte.tv/de/videos/131183-000-A/die-geheimnisse-von-lissabon/,https://letterboxd.com/film/mysteries-of-lisbon-2010/
The Florida Project,3Sat,,Sean Baker,4.1,,1065731,107,20.08.2025,"The story of a precocious six year-old and her ragtag group of friends whose summer break is filled with childhood wonder, possibility and a sense of adventure while the adults around them struggle with hard times.",https://www.3sat.de/film/spielfilm/the-florida-project-100.html,https://letterboxd.com/film/the-florida-project/
Die ewigen Brüste,ARTE.DE,,Kinuyo Tanaka,4.1,,6226,105,18.03.2026,"Fumiko, mother of two children and wife of an unfaithful man, shares her family life with her budding vocation as a poet. The beginning of her successful literary career coincides with her divorce and her breast cancer diagnosis. In the last stage of her life, she meets a young journalist from Tokyo who wants to write a story on her life.",https://www.arte.tv/de/videos/128684-000-A/die-ewigen-brueste/,https://letterboxd.com/film/forever-a-woman/
Wie wilde Tiere,ARTE.DE,,Rodrigo Sorogoyen,4.08,,100418,130,03.06.2026,"Antoine and Olga, a French couple, have been living in a small village in Galicia for a long time. They practice eco-responsible agriculture and restore abandoned houses to facilitate repopulation. Everything should be idyllic except for their opposition to a wind turbine project that creates a serious conflict with their neighbors. The tension will rise to the point of irreparability.",https://www.arte.tv/de/videos/120378-000-A/wie-wilde-tiere/,https://letterboxd.com/film/the-beasts-2022/
Adel verpflichtet,ARTE.DE,,Robert Hamer,4.07,,28551,101,14.06.2026,"When his mother eloped with an Italian opera singer, Louis Mazzini was cut off from her aristocratic family. After the family refuses to let her be buried in the family mausoleum, Louis avenges his mother's death by attempting to murder every family member who stands between himself and the family fortune. But when he finds himself torn between his longtime love and the widow of one of his victims, his plans go awry.",https://www.arte.tv/de/videos/040683-000-A/adel-verpflichtet/,https://letterboxd.com/film/kind-hearts-and-coronets/
Leid und Herrlichkeit,ARTE.DE,,Pedro Almodóvar,4.05,5.0,169518,106,08.05.2022,"Salvador Mallo, a filmmaker in the twilight of his career, remembers his life: his mother, his lovers, the actors he worked with. The sixties in a small village in Valencia, the eighties in Madrid, the present, when he feels an immeasurable emptiness, facing his mortality, the incapability of continuing filming, the impossibility of separating creation from his own life. The need of narrating his past can be his salvation.",https://www.arte.tv/de/videos/094468-000-A/leid-und-herrlichkeit/,https://letterboxd.com/film/pain-and-glory/
Charade,3Sat,,Stanley Donen,4.04,,207818,109,21.04.2025,"After Regina Lampert falls for the dashing Peter Joshua on a skiing holiday in the French Alps, she discovers upon her return to Paris that her husband has been murdered. Soon, she and Peter are giving chase to three of her late husband's World War II cronies, Tex, Scobie and Gideon, who are after a quarter of a million dollars the quartet stole while behind enemy lines.",https://www.3sat.de/film/spielfilm/charade-102.html,https://letterboxd.com/film/charade/
Zwölf Uhr mittags,ARTE.DE,,Fred Zinnemann,3.99,,94737,81,22.06.2026,"Will Kane, the sheriff of a small town in New Mexico, learns a notorious outlaw he put in jail has been freed, and will be arriving on the noon train. Knowing the outlaw and his gang are coming to kill him, Kane is determined to stand his ground, so he attempts to gather a posse from among the local townspeople.",https://www.arte.tv/de/videos/050766-000-A/zwoelf-uhr-mittags/,https://letterboxd.com/film/high-noon/
Liebe 1962,ARTE.DE,,Michelangelo Antonioni,3.98,,60491,121,29.06.2026,"Vittoria is a beautiful literary translator living in Rome. After splitting from her writer boyfriend, Riccardo, Vittoria meets Piero, a lively stockbroker, on the hectic floor of the Roman stock exchange. Though Vittoria and Piero begin a relationship, it is not one without difficulties, and their commitment to one another is tested during an eclipse.",https://www.arte.tv/de/videos/002734-000-A/liebe-1962/,https://letterboxd.com/film/leclisse/
The Rider,3Sat,,Chloé Zhao,3.98,,48472,98,15.03.2025,"Once a rising star of the rodeo circuit, and a gifted horse trainer, young cowboy Brady is warned that his riding days are over after a horse crushed his skull at a rodeo. In an attempt to regain control of his own fate, Brady undertakes a search for a new identity and what it means to be a man in the heartland of the United States.",https://www.3sat.de/film/spielfilm/the-rider-100.html,https://letterboxd.com/film/the-rider/
La Mala Educación - Schlechte Erziehung,ARTE.DE,,Pedro Almodóvar,3.96,5.0,120481,99,08.05.2019,"When an old friend brings filmmaker Enrique Goded a semi-autobiographical script chronicling their adolescence, Enrique is forced to relive his youth spent at a Catholic boarding school.",https://www.arte.tv/de/videos/040192-000-A/la-mala-educacion-schlechte-erziehung/,https://letterboxd.com/film/bad-education/
Serpico,3Sat,,Sidney Lumet,3.92,,189936,124,11.04.2025,New York cop Frank Serpico blows the whistle on the rampant corruption in the force only to have his comrades turn against him.,https://www.3sat.de/film/spielfilm/serpico-100.html,https://letterboxd.com/film/serpico/
Die Nacht der Frauen,ARTE.DE,,Kinuyo Tanaka,3.92,,4201,88,25.02.2026,"In the wake of the 1956 Prostitution Prevention Law, a young woman recently released from one of Japan's new rehabilitation centers struggles to build a new life.",https://www.arte.tv/de/videos/128722-000-A/die-nacht-der-frauen/,https://letterboxd.com/film/girls-of-the-night/
Die Schöne und das Biest,ZDF-tivi,,"Gary Trousdale, Kirk Wise",3.91,,958342,88,08.06.2026,"Follow the adventures of Belle, a bright young woman who finds herself in the castle of a prince who's been turned into a mysterious beast. With the help of the castle's enchanted staff, Belle soon learns the most important lesson of all -- that true beauty comes from within.",https://www.zdf.de/filme/die-schoene-und-das-biest-movie-100,https://letterboxd.com/film/beauty-and-the-beast-1991/
Fabian oder Der Gang vor die Hunde,ARTE.DE,,Dominik Graf,3.9,,7787,176,29.06.2026,"In 1930s Berlin, Dr. Jakob Fabian, who works by day in advertising for a cigarette company and by night wanders the streets of the city, falls in love with an actress. As her career begins to blossom, prospects for his future begin to wane.",https://www.arte.tv/de/videos/084659-000-A/fabian-oder-der-gang-vor-die-hunde/,https://letterboxd.com/film/fabian-going-to-the-dogs/
Verblendung,ZDFneo,,David Fincher,3.9,,654379,151,18.06.2026,"Disgraced journalist Mikael Blomkvist investigates the disappearance of a weary patriarch's niece from 40 years ago. He is aided by the pierced, tattooed, punk computer hacker named Lisbeth Salander. As they work together in the investigation, Blomkvist and Salander uncover immense corruption beyond anything they have ever imagined.",https://www.zdf.de/filme/verblendung-movie-100,https://letterboxd.com/film/the-girl-with-the-dragon-tattoo-2011/
Prinzessinnen der Straße,ARTE.DE,,Fernando León de Aranoa,3.89,,13897,109,01.03.2026,"Caye is a young prostitute whose family is unaware of her profession. She meets her striking Dominican neighbour Zulema, an illegal immigrant, after she finds her in the bathroom, badly beaten up. They strike up a close friendship unbeknownst to Caye's xenophobic co-workers.",https://www.arte.tv/de/videos/044378-000-A/prinzessinnen-der-strasse/,https://letterboxd.com/film/princesses/
Local Hero,3Sat,,Bill Forsyth,3.88,,39062,105,06.12.2025,An American oil company sends a man to Scotland to buy up an entire village where they want to build a refinery. But things don't go as expected.,https://www.3sat.de/film/spielfilm/local-hero-100.html,https://letterboxd.com/film/local-hero/
Der Rausch,3Sat,,Damien Chazelle,3.87,,1080440,109,14.02.2026,"A tale of outsized ambition and outrageous excess, tracing the rise and fall of multiple characters in an era of unbridled decadence and depravity during Hollywood's transition from silent films to sound films in the late 1920s.",https://www.3sat.de/film/spielfilm/der-rausch-102.html,https://letterboxd.com/film/babylon-2022/
Sprich mit ihr,ARTE.DE,,Pedro Almodóvar,3.87,4.0,105397,106,06.05.2019,Two men share an odd friendship while they care for two women who are both in deep comas.,https://www.arte.tv/de/videos/039137-000-A/sprich-mit-ihr/,https://letterboxd.com/film/talk-to-her/
Taxi Teheran,ARTE.DE,,Jafar Panahi,3.86,,39305,78,14.02.2018,"A yellow cab is driving through the vibrant and colourful streets of Tehran. Very diverse passengers enter the taxi, each candidly expressing their views while being interviewed by the driver who is no one else but the director Jafar Panahi himself. His camera placed on the dashboard of his mobile film studio captures the spirit of Iranian society through this comedic and dramatic drive…",https://www.arte.tv/de/videos/071355-000-A/taxi-teheran/,https://letterboxd.com/film/taxi-2015/
Lola rennt,ZDFneo,,Tom Tykwer,3.86,,262837,76,26.06.2026,"Lola receives a phone call from her boyfriend Manni. He lost 100,000 DM in a subway train that belongs to a very bad guy. She has 20 minutes to raise this amount and meet Manni. Otherwise, he will rob a store to get the money. Three different alternatives may happen depending on some minor event along Lola's run.",https://www.zdf.de/filme/lola-rennt-movie-100,https://letterboxd.com/film/run-lola-run/
Pappa ante Portas,3Sat,,Loriot,3.85,,6206,85,04.03.2025,"Heinrich Lohse, a strict and highly efficient purchasing manager at a company bulk-orders 40 tons of mustard and enough typewriting paper for 40 years just to get discount. Heinrich's boss decides it’s time for him to retire early. Heinrich suddenly finds himself with nothing to do—except micromanage his household, much to the dismay of his wife Renate and their son Dieter",https://www.3sat.de/film/spielfilm/pappa-ante-portas-100.html,https://letterboxd.com/film/pappa-ante-portas/
Das Piano,3Sat,,Jane Campion,3.84,,133497,113,13.09.2025,"When an arranged marriage brings Ada and her spirited daughter to the wilderness of nineteenth-century New Zealand, she finds herself locked in a battle of wills with both her controlling husband and a rugged frontiersman to whom she develops a forbidden attraction.",https://www.3sat.de/film/spielfilm/das-piano-102.html,https://letterboxd.com/film/the-piano/
Julie - Eine Frau gibt nicht auf,3Sat,,Eric Gravel,3.84,,23120,84,20.09.2025,Julie finally gets an interview for a job where she can raise her children better only to run into a national transit strike.,https://www.3sat.de/film/spielfilm/julie---eine-frau-gibt-nicht-auf-100.html,https://letterboxd.com/film/full-time-2021/
Doch das Böse gibt es nicht,ARTE.DE,,Mohammad Rasoulof,3.8,,15861,142,19.02.2024,"Set against the backdrop of Iran's strict and oppressive legal system, this anthology film tells the stories of four men who each face a moral crisis when having to deal with death penalties.",https://www.arte.tv/de/videos/095080-000-A/doch-das-boese-gibt-es-nicht/,https://letterboxd.com/film/there-is-no-evil/
Macbeth,3Sat,,Joel Coen,3.79,,197263,134,09.05.2026,"Macbeth, the Thane of Glamis, receives a prophecy from a trio of witches that one day he will become King of Scotland. Consumed by ambition and spurred to action by his wife, Macbeth murders his king and takes the throne for himself.",https://www.3sat.de/film/spielfilm/macbeth-110.html,https://letterboxd.com/film/the-tragedy-of-macbeth/
Im Rausch der Tiefe,3Sat,,Luc Besson,3.79,,56679,127,12.10.2025,"Two men answer the call of the ocean in this romantic fantasy-adventure.  Jacques and Enzo are a pair of friends who have been close since childhood, and who share a passion for the dangerous sport of free diving. Professional diver Jacques opted to follow in the footsteps of his father, who died at sea when Jacques was a boy; to the bewilderment of scientists, Jacques harbors a remarkable ability to adjust his heart rate and breathing pattern in the water, so that his vital signs more closely resemble that of dolphins than men.  As Enzo persuades a reluctant Jacques to compete against him in a free diving contest -- determining who can dive deeper and longer without scuba gear -- Jacques meets Johana, a beautiful insurance investigator from America, and he finds that he must choose between his love for her and his love of the sea.",https://www.3sat.de/film/spielfilm/im-rausch-der-tiefe-100.html,https://letterboxd.com/film/the-big-blue/
BlackBerry - Klick einer Generation,ARTE.DE,,Matt Johnson,3.77,,266686,112,10.06.2026,Two mismatched entrepreneurs – egghead innovator Mike Lazaridis and cut-throat businessman Jim Balsillie – joined forces in an endeavour that was to become a worldwide hit in little more than a decade. The story of the meteoric rise and catastrophic demise of the world's first smartphone.,https://www.arte.tv/de/videos/129823-000-A/blackberry-klick-einer-generation/,https://letterboxd.com/film/blackberry-2023/
Vor Einbruch der Nacht,ARTE.DE,,Claude Chabrol,3.77,,2853,101,18.02.2019,A married man who killed the wife of his best friend during a tryst feels compelled to turn himself in.,https://www.arte.tv/de/videos/077297-000-A/vor-einbruch-der-nacht/,https://letterboxd.com/film/just-before-nightfall/
Der Mond ist aufgegangen,ARTE.DE,,Kinuyo Tanaka,3.77,,3561,98,25.02.2026,"Mokichi Asai is a widowed father living in Nara with three daughters—Chizuru, Ayako, and Setsuko. The youngest, Setsuko, plays matchmaker for her older sisters, leading to humorous and awkward romantic entanglements.",https://www.arte.tv/de/videos/128726-000-A/der-mond-ist-aufgegangen/,https://letterboxd.com/film/the-moon-has-risen/
Das Lehrerzimmer,ZDF,,İlker Çatak,3.77,,124758,92,06.05.2026,"When one of her students is suspected of theft, teacher Carla Nowak decides to get to the bottom of the matter. Caught between her ideals and the school system, the consequences of her actions threaten to break her.",https://www.zdf.de/filme/das-lehrerzimmer-movie-102,https://letterboxd.com/film/the-teachers-lounge-2023/
The Host,ARTE.DE,,Bong Joon Ho,3.76,,319826,115,01.06.2026,"A teenage girl is captured by a giant mutated squid-like creature that appears from Seoul's Han River after toxic waste was dumped in it, prompting her family into a frantic search for her.",https://www.arte.tv/de/videos/039523-000-A/the-host/,https://letterboxd.com/film/the-host/
Die untreue Frau,ARTE.DE,,Claude Chabrol,3.76,,5932,94,19.01.2026,A man begins to believe his wife is cheating on him.,https://www.arte.tv/de/videos/077259-000-A/die-untreue-frau/,https://letterboxd.com/film/the-unfaithful-wife/
Tödliches Kommando,3Sat,,Kathryn Bigelow,3.75,,329646,125,23.01.2026,"During the Iraq War, a Sergeant recently assigned to an army bomb squad is put at odds with his squad mates due to his maverick way of handling his work.",https://www.3sat.de/film/spielfilm/toedliches-kommando-100.html,https://letterboxd.com/film/the-hurt-locker/
Midsommar,ZDF,,Ari Aster,3.74,,3799676,141,15.06.2026,"Several friends travel to Sweden to study as anthropologists a summer festival that is held every ninety years in the remote hometown of one of them. What begins as a dream vacation in a place where the sun never sets, gradually turns into a dark nightmare as the mysterious inhabitants invite them to participate in their disturbing festive activities.",https://www.zdf.de/filme/midsommar-movie-100,https://letterboxd.com/film/midsommar/
The Nightingale - Schrei nach Rache,3Sat,,Jennifer Kent,3.73,,77716,130,18.05.2025,"In 1825, Clare, a 21-year-old Irish convict, chases a British soldier through the rugged Tasmanian wilderness, bent on revenge for a terrible act of violence he committed against her family. She enlists the services of an Aboriginal tracker who is also marked by trauma from his own violence-filled past.",https://www.3sat.de/film/spielfilm/the-nightingale---schrei-nach-rache-100.html,https://letterboxd.com/film/the-nightingale-2018/
Lach doch mal,ARTE.DE,,Leida Laius,3.73,,730,82,10.06.2026,"16-year-old Mari, raised without a mother by a drunkard father, is put in an orphanage which she immediately, though unsuccessfully, tries to flee from. The sensitive Mari finds it hard to adapt to the coarse manners and brutal games amongst the children. Only gradually does she develop a sense for the similarly difficult fates of her fellow sufferers, who have long forgotten how to cry. She even falls in love for the first time, not with her self-appointed “protector” Tauri, but with the rough-mannered Robi.",https://www.arte.tv/de/videos/132072-000-A/lach-doch-mal/,https://letterboxd.com/film/smile-at-last/
Die Blechtrommel,3Sat,,Volker Schlöndorff,3.72,4.0,21900,136,09.05.2025,"In 1924, Oskar Matzerath is born in the Free City of Danzig. At age three, he falls down a flight of stairs and stops growing. In 1939, World War II breaks out.",https://www.3sat.de/film/spielfilm/die-blechtrommel-100.html,https://letterboxd.com/film/the-tin-drum/
Der Mauretanier,3Sat,,Kevin Macdonald,3.71,,60876,121,06.02.2026,"The true story of the Mauritanian Mohamedou Ould Slahi, who was held at the U.S military's Guantanamo Bay detention center without charges for over a decade and sought help from a defense attorney for his release.",https://www.3sat.de/film/spielfilm/der-mauretanier-102.html,https://letterboxd.com/film/the-mauritanian/
Live Flesh - Mit Haut und Haar,ARTE.DE,,Pedro Almodóvar,3.7,,47553,96,01.05.2026,"When Victor attempts to seduce Elena, all he gets for his trouble is a one-way, six-year ticket to prison, where he concentrates on strengthening his mind, his body... and his desire for vengeance on the man who put him there. After his release and still madly in love with her, Victor will stop at nothing to win her over even if means revenge, for Elena has married David, the cop who sent him to prison!",https://www.arte.tv/de/videos/030301-000-A/live-flesh-mit-haut-und-haar/,https://letterboxd.com/film/live-flesh/
Die Outsider: Rebellen ohne Grund,3Sat,,Francis Ford Coppola,3.69,,336207,106,23.05.2026,"In 1960s Tulsa, class divisions ignite a violent rivalry between the working-class Greasers and the privileged Socs. When a deadly encounter forces two Greasers, Ponyboy and Johnny, to flee, their struggle for survival and redemption exposes the fragile innocence and enduring bonds of youth on the wrong side of town.",https://www.3sat.de/film/spielfilm/die-outsider-rebellen-ohne-grund-100.html,https://letterboxd.com/film/the-outsiders/
Die Nichtstuer,ARTE.DE,,Nanni Moretti,3.69,,8872,102,29.05.2026,"Four friends, former 1968 student protesters who have checked out of politics and struggle to come to terms with the present, try self-criticism to figure out what to do with themselves, only to end up doing what they do best: sinking into endless talk without ever reaching a conclusion.",https://www.arte.tv/de/videos/131534-000-A/die-nichtstuer/,https://letterboxd.com/film/ecce-bombo/
Roter Himmel,3Sat,,Christian Petzold,3.69,,55097,98,04.12.2025,"Self-important author Leon joins his best friend on a summer holiday near the Baltic Sea to complete his novel. When they arrive, they find their house is already occupied by a carefree woman who challenges Leon to open up. Meanwhile, forest wildfires rage around them and impending disaster looms.",https://www.3sat.de/film/spielfilm/roter-himmel-100.html,https://letterboxd.com/film/afire/
Snowpiercer,3Sat,,Bong Joon Ho,3.67,,886076,120,01.05.2026,"In a future where a failed global-warming experiment kills off most life on the planet, a class system evolves aboard the Snowpiercer; a train that travels around the globe via a perpetual-motion engine.",https://www.3sat.de/film/spielfilm/snowpiercer-100.html,https://letterboxd.com/film/snowpiercer/
Match Point,ARD,,Woody Allen,3.64,,179205,117,26.06.2026,"Chris, a former tennis pro, takes a job as an instructor and befriends his wealthy young student, Tom. After being introduced to his family, Chris is soon engaged to Tom's sister, Chloe. Despite the professional and financial advantages that this relationship affords him, Chris becomes obsessed with Tom's fiancee, American actress Nola.",https://www.ardmediathek.de/video/Y3JpZDovL2FyZC5kZS8zZTIyZjM4OC1jMDRhLTRkOTEtYTBhMC0zNDRmNWMzZTQ5ZDJfZ2FuemVTZW5kdW5n,https://letterboxd.com/film/match-point/
Match Point,3Sat,,Woody Allen,3.64,,179205,117,26.06.2026,"Chris, a former tennis pro, takes a job as an instructor and befriends his wealthy young student, Tom. After being introduced to his family, Chris is soon engaged to Tom's sister, Chloe. Despite the professional and financial advantages that this relationship affords him, Chris becomes obsessed with Tom's fiancee, American actress Nola.",https://www.3sat.de/film/spielfilm/match-point-100.html,https://letterboxd.com/film/match-point/
Spencer,ARD,,Pablo Larraín,3.64,,417207,107,30.05.2026,"During her Christmas holidays with the royal family at the Sandringham estate in Norfolk, England, Diana decides to leave her marriage to Prince Charles.",https://www.ardmediathek.de/video/Y3JpZDovL2FyZC5kZS8xZjE4NTM4Yi0wOGMyLTQ3N2UtYTQyYS1kZDk5M2I1MmNiNmVfZ2FuemVTZW5kdW5n,https://letterboxd.com/film/spencer-2021/
Bonjour Tristesse,3Sat,,Otto Preminger,3.64,,14675,89,18.04.2025,"A spoiled teenager spends the summer at the French Riviera with her rich, widower, playboy father, but when his old flame resurfaces, she resolves to keep her frivolous lifestyle at all costs.",https://www.3sat.de/film/spielfilm/bonjour-tristesse-100.html,https://letterboxd.com/film/bonjour-tristesse/
Gott allein sieht mich,ARTE.DE,,Bruno Podalydès,3.63,,926,117,27.02.2026,"Albert, a sound engineer who is chronically hesitant successively meets three charming young women who will, each in their own way, provoke and help him to get a better hold of himself.",https://www.arte.tv/de/videos/101802-000-A/gott-allein-sieht-mich/,https://letterboxd.com/film/only-god-sees-me/
Die Klapperschlange,3Sat,,John Carpenter,3.63,,273176,92,17.10.2025,"In a world ravaged by crime, the entire island of Manhattan has been converted into a walled prison where brutal prisoners roam free. After the US president crash-lands inside, war hero Snake Plissken has 24 hours to bring him back.",https://www.3sat.de/film/spielfilm/die-klapperschlange-100.html,https://letterboxd.com/film/escape-from-new-york/
The Apprentice – The Trump Story,ZDF,,Ali Abbasi,3.62,,397898,118,25.06.2026,"A young Donald Trump, eager to make his name as a hungry scion of a wealthy family in 1970s New York, comes under the spell of Roy Cohn, the cutthroat attorney who would help create the Donald Trump we know today. Cohn sees in Trump the perfect protégé—someone with raw ambition, a hunger for success, and a willingness to do whatever it takes to win.",https://www.zdf.de/filme/the-apprentice--the-trump-story-movie-100,https://letterboxd.com/film/the-apprentice-2024/
Last Exit Reno,ARTE.DE,,Paul Thomas Anderson,3.62,,140119,97,17.03.2026,A stranger mentors a young Reno gambler who weds a hooker and befriends a vulgar casino regular.,https://www.arte.tv/de/videos/130328-000-A/last-exit-reno/,https://letterboxd.com/film/hard-eight/
Meine Stunden mit Leo,3Sat,,Sophie Hyde,3.62,,91675,93,28.07.2025,"Nancy Stokes, a retired schoolteacher, is pretty sure she has never had good sex. Now that her husband has died, she is determined to take a tour of sexual vistas that until now she has only imagined. She even has a plan; it involves an anonymous hotel room, and a sex worker who calls himself Leo Grande.",https://www.3sat.de/film/spielfilm/meine-stunden-mit-leo-102.html,https://letterboxd.com/film/good-luck-to-you-leo-grande/
Santosh,ARTE.DE,,Sandhya Suri,3.61,,15091,119,27.05.2026,"A government scheme sees newly widowed Santosh inherit her husband’s job as a police constable in the rural badlands of Northern India. When a low-caste girl is found raped and murdered, she is pulled into the investigation under the wing of charismatic feminist inspector Sharma.",https://www.arte.tv/de/videos/098023-000-A/santosh/,https://letterboxd.com/film/santosh-2024/
No Turning Back,3Sat,,Steven Knight,3.6,,169848,81,29.03.2026,"Ivan Locke has worked hard to craft a good life for himself. Tonight, that life will collapse around him. On the eve of the biggest challenge of his career, Ivan receives a phone call that sets in motion a series of events that will unravel his family, job, and soul.",https://www.3sat.de/film/spielfilm/no-turning-back-100.html,https://letterboxd.com/film/locke/
Das Parfum - Die Geschichte eines Mörders,3Sat,,Tom Tykwer,3.59,,196926,141,17.10.2025,"Jean-Baptiste Grenouille, born in the stench of 18th century Paris, develops a superior olfactory sense, which he uses to create the world's finest perfumes. However, his work takes a dark turn as he tries to preserve scents in the search for the ultimate perfume.",https://www.3sat.de/film/spielfilm/das-parfum---die-geschichte-eines-moerders-100.html,https://letterboxd.com/film/perfume-the-story-of-a-murderer/
Dornröschen,ZDF-tivi,,Clyde Geronimi,3.58,,446496,80,16.06.2026,"Cursed to die by the evil fairy Maleficent when she was a baby, Princess Aurora is sent into hiding under protection from three good fairies. As she grows up far away, Maleficent becomes increasingly determined to seal the princess's fate.",https://www.zdf.de/filme/dornroeschen-movie-102,https://letterboxd.com/film/sleeping-beauty/
Intime Geständnisse,ARTE.DE,,Liv Ullmann,3.57,,287,193,08.01.2026,"Five conversations frame a flawed marriage in this film written by Ingmar Bergman about his parents. Guilt-ridden wife Anna (Pernilla August) divulges an extramarital affair to a priest, her uncle Jacob (Max von Sydow). He presses her to confess her sins to her husband, Henrik. As the film moves back and forth in time, the notion of truth is tested. Tomas, the lover, and Henrik will find that Anna's confessions do not absolve anyone, and have the power to inflict more pain.",https://www.arte.tv/de/videos/129335-000-A/intime-gestaendnisse/,https://letterboxd.com/film/private-confessions/
Legenden der Leidenschaft,3Sat,,Edward Zwick,3.56,,151665,127,18.04.2025,"In early 20th-century Montana, Col. William Ludlow lives on a ranch in the wilderness with his sons, Alfred, Tristan, and Samuel. Eventually, the unconventional but close-knit family are bound by loyalty, tested by war, and torn apart by love, as told over the course of several decades in this epic saga.",https://www.3sat.de/film/spielfilm/legenden-der-leidenschaft-100.html,https://letterboxd.com/film/legends-of-the-fall/
Das fliegende Klassenzimmer,3Sat,,Kurt Hoffmann,3.56,,396,87,27.04.2025,"The third form of a boarding school and the students of a neighboring school do not get along. Each side dreams up the craziest pranks to defeat the other. And when one day the high school students go as far as stealing the Gymnasium students’ essays and even burning them, daily school life really gets out of hand.",https://www.3sat.de/film/spielfilm/das-fliegende-klassenzimmer-106.html,https://letterboxd.com/film/the-flying-classroom/
Ödipussi,3Sat,,Loriot,3.56,,4531,84,04.03.2025,"Paul Winkelmann is the CEO of a successful business in Hamburg that he took over after the death of his father eight years ago. But he is still strongly dominated by his 78 year old mother who cares for him as a child, and who cannot understand why he took an apartment on his own after all these years. The real ""problem"" starts when Paul gets to know psychologist Margarethe Tietze whose relationship to her parents is also not so easy after all.",https://www.3sat.de/film/spielfilm/oedipussi-100.html,https://letterboxd.com/film/odipussi/
Fräulein Ogin,ARTE.DE,,Kinuyo Tanaka,3.55,,2037,97,25.02.2026,"A tea master and his daughter Ogin are both Christians in feudal Japan. Ogin falls in love with a married feudal prince who shares her faith. When the Shogun bans Christianity, the situation worsens.",https://www.arte.tv/de/videos/128721-000-A/fraeulein-ogin/,https://letterboxd.com/film/love-under-the-crucifix/
Topside - Flucht ins Ungewisse,3Sat,,"Celine Held, Logan George",3.53,,984,86,24.08.2025,"Deep in the underbelly of New York City, a five year-old girl and her mother live among a community that has claimed the abandoned subway tunnels as their home. After a sudden police-mandated eviction, the pair are forced to flee aboveground into a brutal winter night. Determined to return home, they fight to find shelter as their world is thrown into chaos.",https://www.3sat.de/film/spielfilm/topside--flucht-ins-ungewisse-100.html,https://letterboxd.com/film/topside/
Disco Dancer,ARTE.DE,,Babbar Subhash,3.52,,2335,134,19.05.2026,Street singer Anil is humiliated and—with his mother—driven out of Bombay. He soon becomes an acclaimed performer but the enemies from his past plot to destroy his hard-earned career.,https://www.arte.tv/de/videos/130971-000-A/disco-dancer/,https://letterboxd.com/film/disco-dancer/
Blutige Hochzeit,ARTE.DE,,Claude Chabrol,3.52,,3407,92,16.03.2026,"In a small French town, the mayor discovers his wife is cheating on him, a betrayal that eventually leads to murder.",https://www.arte.tv/de/videos/006168-000-A/blutige-hochzeit/,https://letterboxd.com/film/wedding-in-blood/
Nymphomaniac 1,3Sat,,Lars von Trier,3.51,,247390,112,08.01.2026,"A man named Seligman finds a fainted wounded woman in an alley and he brings her home. She tells him that her name is Joe and that she is nymphomaniac. Joe tells her life and sexual experiences with hundreds of men since she was a young teenager while Seligman tells about his hobbies, such as fly fishing, reading about Fibonacci numbers or listening to organ music.",https://www.3sat.de/film/spielfilm/nymphomaniac-1-100.html,https://letterboxd.com/film/nymphomaniac-volume-i/
Der weite Himmel,3Sat,,Howard Hawks,3.5,,4525,114,28.12.2025,Two tough Kentucky mountaineers join a trading expedition from St. Louis up the Missouri River to trade whisky for furs with the Blackfoot Indians. They soon discover that there is much more than the elements to contend with.,https://www.3sat.de/film/spielfilm/der-weite-himmel-100.html,https://letterboxd.com/film/the-big-sky/
Heidi,3Sat,,Alain Gsponer,3.5,,10409,96,03.08.2025,"Heidi, is an eight-year-old Swiss orphan who is given by her aunt to her mountain-dwelling grandfather. She is then stolen back by her aunt from her grandfather to live in the wealthy Sesemann household in Frankfurt, Germany as a companion to Klara, a sheltered, disabled girl in a wheelchair. Heidi is unhappy but makes the best of the situation, always longing for her grandfather.",https://www.3sat.de/film/spielfilm/heidi-104.html,https://letterboxd.com/film/heidi-2015/
The Yards - Im Hinterhof der Macht,ARTE.DE,,James Gray,3.49,,22654,110,17.03.2026,"In the rail yards of Queens, contractors repair and rebuild the city's subway cars. These contracts are lucrative, so graft and corruption are rife. When Leo Handler gets out of prison, he finds his aunt married to Frank Olchin, one of the big contractors; he's battling with a minority-owned firm for contracts.",https://www.arte.tv/de/videos/130331-000-A/the-yards-im-hinterhof-der-macht/,https://letterboxd.com/film/the-yards/
Die Wannseekonferenz,ZDF,,Matti Geschonneck,3.48,,7886,104,05.05.2026,"On January 20, 1942, the Wannsee Conference takes place in Berlin, a meeting that had only one item on the agenda: The Final Solution, the organization of the systematic mass murder of eleven million European Jews.",https://www.zdf.de/filme/die-wannseekonferenz-movie-100,https://letterboxd.com/film/the-conference/
Das Totenschiff,ARTE.DE,,Georg Tressler,3.48,,445,94,29.01.2018,"After a line of mischief Philip Gale, an American sailor, is lured into hiring on the ""Yorikke"", a tramp cargo, by Lawski, a stoker from Poland. Still, the two become friends within the motley crew of losers from all nations. Gale and his new companion soon are more than disillusioned: the ""Yorikke"" is far from seaworthy and more of a coffin than a ship, work is close to slavery, and treatment by the officers and their subalterns is harsh and cynical. One day they make an alarming discovery in a tin of plum butter they have procured from the ship's cargo... Written by Anonymous",https://www.arte.tv/de/videos/070745-000-A/das-totenschiff/,https://letterboxd.com/film/ship-of-the-dead/
Zwei Freundinnen,ARTE.DE,,Claude Chabrol,3.45,,6209,94,16.02.2026,"A bored bisexual millionaire picks up a young destitute street artist and whisks her away to her villa in Saint Tropez. They meet a dashing local architect and both fall for him, setting in motion a ménage à trois of deception and betrayal.",https://www.arte.tv/de/videos/017931-000-A/zwei-freundinnen/,https://letterboxd.com/film/les-biches-1968/
Identität,3Sat,,James Mangold,3.44,,222535,86,11.05.2025,"Complete strangers stranded at a remote desert motel during a raging storm soon find themselves the target of a deranged murderer. As their numbers thin out, the travelers begin to turn on each other, as each tries to figure out who the killer is.",https://www.3sat.de/film/spielfilm/identitaet-102.html,https://letterboxd.com/film/identity/
Die Grundschullehrerin,3Sat,,Hélène Angel,3.43,,1411,101,18.10.2025,"Florence is a school teacher devoted to her students. When she encounters young Sacha, a child with problems, she will do everything she can to help him, even to the point of neglecting her own children, her own life, and of questioning her vocation. Little by little Florence realizes that learning has no age limit.",https://www.3sat.de/film/spielfilm/die-grundschullehrerin-100.html,https://letterboxd.com/film/elementary/
Freizeitkapitäne,ARTE.DE,,Bruno Podalydès,3.42,,1459,107,30.12.2022,39 years old Jacques Monot is tired from the same vacation he and his family have every year so he decides to buy a boat.,https://www.arte.tv/de/videos/103966-000-A/freizeitkapitaene/,https://letterboxd.com/film/freedom-oleron/
Die wandelnde Prinzessin,ARTE.DE,,Kinuyo Tanaka,3.42,,1582,98,25.02.2026,"Pu Zhe, younger brother of the Emperor of Manchukuo, marries Ryuko, daughter of an aristocratic family. To the surprise of all, a deep love between Pu Zhe and Ryuko develops and is put to the test when Japan loses the war.",https://www.arte.tv/de/videos/128725-000-A/die-wandelnde-prinzessin/,https://letterboxd.com/film/the-wandering-princess/
Schweinehaut,ARTE.DE,,Philippe Katerine,3.42,,216,83,28.04.2026,Twelve sequences in the life of singer/musician Philippe Katerine.,https://www.arte.tv/de/videos/131539-000-A/schweinehaut/,https://letterboxd.com/film/pigskin-2005/
"Schlaf, mein Kindlein",ARTE.DE,,Margo Harkin,3.42,,298,81,29.05.2026,"1980s Derry: Goretti Friel, one of a spirited group of teenage friends, meets Ciarán at her Irish language class, and romance blossoms. When he is arrested and imprisoned by the British army, Goretti is dismayed to find herself pregnant. Left to deal with the crisis alone, she is tormented by the conflicts of her growing belly and the influence of a Catholic upbringing.",https://www.arte.tv/de/videos/131538-000-A/schlaf-mein-kindlein/,https://letterboxd.com/film/hush-a-bye-baby/
Sad Jokes,ARTE.DE,,Fabian Stumm,3.41,,914,96,23.10.2025,"Director Joseph is working through a new idea for a film and the breakup with his ex-boyfriend Marc. At the same time Sonya, the mother of his son Pino, is suffering from a depression that increasingly tears her from her life.",https://www.arte.tv/de/videos/126984-000-A/sad-jokes/,https://letterboxd.com/film/sad-jokes/
Nö,3Sat,,Terence Young,3.4,,234667,112,31.05.2025,"Agent 007 battles mysterious Dr. No, a scientific genius bent on destroying the U.S. space program. As the countdown to disaster begins, Bond must go to Jamaica, where he encounters beautiful Honey Ryder, to confront a megalomaniacal villain in his massive island headquarters.",https://www.3sat.de/film/spielfilm/noe-100.html,https://letterboxd.com/film/dr-no/
Laurel & Hardy - Fliegende Teufelsbrüder,ARTE.DE,,A. Edward Sutherland,3.4,,3868,65,04.12.2023,"Ollie falls in love with a woman. When he discovers she's already married, he unsuccessfully attempts suicide but he and Stan then decide to join the Foreign Legion to get away from their troubles. When they’re arrested for soon trying to desert the Legion—they escape a firing squad by stealing an aircraft.",https://www.arte.tv/de/videos/031758-000-A/laurel-hardy-fliegende-teufelsbrueder/,https://letterboxd.com/film/the-flying-deuces/
Hautnah,3Sat,,Mike Nichols,3.39,,432810,99,04.07.2025,The relationships of two couples become complicated and deceitful when the man from one couple meets the woman of the other.,https://www.3sat.de/film/spielfilm/hautnah-100.html,https://letterboxd.com/film/closer/
Footloose,3Sat,,Herbert Ross,3.37,,233034,103,21.06.2025,"When teenager Ren and his family move from big-city Chicago to a small town in the West, he's in for a real case of culture shock after discovering he's living in a place where music and dancing are illegal.",https://www.3sat.de/film/spielfilm/footloose-104.html,https://letterboxd.com/film/footloose/
Der inszenierte Mord,ARTE.DE,,Laurent Heynemann,3.37,,791,100,02.03.2026,"""Hangar"" is a new agency whose purpose is to carry out missions even too sensitive for the police or intelligence services. The agency must eliminate a German female terrorist by the name of Birgitt Haas. The murder is to be disguised as a crime of passion, so an agent must lure Birgitt into falling in love.",https://www.arte.tv/de/videos/127952-000-A/der-inszenierte-mord/,https://letterboxd.com/film/birgit-haas-must-be-killed/
They Shot the Piano Player,ARTE.DE,,"Fernando Trueba, Javier Mariscal",3.37,,6585,96,21.06.2026,"New York, 2010. Jeff Harris, a music journalist, sets out to uncover the truth about Francisco Tenório Júnior, a young Brazilian samba-jazz pianist who disappeared in Buenos Aires on March 18, 1976.",https://www.arte.tv/de/videos/129316-000-A/they-shot-the-piano-player/,https://letterboxd.com/film/they-shot-the-piano-player/
Träum was Schönes,ARTE.DE,,Marco Bellocchio,3.36,,2285,125,07.01.2026,"Turin, 1969. Nine-year-old Massimo’s idyllic childhood is shattered by the mysterious death of his mother. The young boy refuses to accept this brutal loss, even if the priest says she is now in Heaven. Years later in the 90s, adult Massimo has become an accomplished journalist. After reporting on the war in Sarajevo, he begins to suffer from panic attacks. As he prepares to sell his parents’ apartment, Massimo is forced to relive his traumatic past. Compassionate doctor Elisa could help tormented Massimo open up and confront his childhood wounds…",https://www.arte.tv/de/videos/118164-000-A/traeum-was-schoenes/,https://letterboxd.com/film/sweet-dreams-2016/
Pleasure,3Sat,,Ninja Thyberg,3.36,,91115,104,28.07.2025,"19 year old Linnéa leaves her small town in Sweden and heads for Los Angeles with the aim of becoming the world's next big porn star, but the road to her goal turns out to be bumpier than she imagined.",https://www.3sat.de/film/spielfilm/pleasure-100.html,https://letterboxd.com/film/pleasure-2021/
Ferien auf Immenhof,ARD,,Hermann Leitner,3.36,,248,89,21.06.2026,"The pony hotel has just been opened, but so far no guests have arrived. Dick gets Ralf to design a brochure about the hotel. The girls and Ethelbert then lead the village children on horseback to Lübeck, where they all distribute the brochure - not knowing that Dalli has added some embellishments to the text.",https://www.ardmediathek.de/video/Y3JpZDovL2FyZC5kZS9wbGFuQVJEXzM1NmQyZDgzLWFmZmMtNDc3Zi05YTk4LTM5OGY0M2U3YzAzZF9nYW56ZVNlbmR1bmc,https://letterboxd.com/film/ferien-auf-immenhof/
Queen of Montreuil,ARTE.DE,,Sólveig Anspach,3.36,,648,83,24.02.2026,"It's early summer and Agathe is back in France, at home in Montreuil. She has to get over her husband's death and return to her work as a film director. The unexpected arrival at her house of a couple of Icelanders, a sea lion and a neighbour that she has always desired yet never vanquished will give Agathe the strength to get her life back on track...",https://www.arte.tv/de/videos/128723-000-A/queen-of-montreuil/,https://letterboxd.com/film/queen-of-montreuil/
Im weißen Rössl,ARD,,Werner Jacobs,3.34,,437,99,06.06.2026,"Leopold, head waiter at the ""Weißen Rössl"" (White Horse Inn), is secretly in love with the owner of the restaurant, Josepha. But she's only interested in the lawyer Dr. Siedler. Jealous, Leopold comes up with a plan to gain Josepha's attention.",https://www.ardmediathek.de/video/Y3JpZDovL2FyZC5kZS9wbGFuQVJEX2U2OGU2ODg5LWY2OTMtNGRkYy05NWMzLTc3MGI2ZmY5ODVmN19nYW56ZVNlbmR1bmc,https://letterboxd.com/film/the-white-horse-inn-1960/
So Damn Easy Going,ZDF,,Christoffer Sandler,3.34,,3176,87,22.06.2026,"Eighteen-year-old Joanna needs her ADHD meds to keep her mind in order. When she can no longer afford her medication, she must get creative in her hunt for money. In the midst of this, she meets charming and confident Audrey.",https://www.zdf.de/filme/so-damn-easy-going-movie-100,https://letterboxd.com/film/so-damn-easy-going/
Nymphomaniac 2,3Sat,,Lars von Trier,3.33,,173363,118,09.01.2026,The continuation of Joe's sexually dictated life delves into the darker aspects of her adult life and what led to her being in Seligman's care.,https://www.3sat.de/film/spielfilm/nymphomaniac-2-100.html,https://letterboxd.com/film/nymphomaniac-volume-ii/
Amador und Marcelas Rosen,ARTE.DE,,Fernando León de Aranoa,3.33,,475,108,23.02.2026,"A drama centered on a young woman who takes a summer job caring for a bed-ridden older man, and the intimate secrets they begin to share with one another.",https://www.arte.tv/de/videos/130204-000-A/amador-und-marcelas-rosen/,https://letterboxd.com/film/amador/
Miss Daisy und ihr Chauffeur,ARTE.DE,,Bruce Beresford,3.33,,69728,93,15.06.2026,"The story of an old Jewish widow named Daisy Werthan and her relationship with her black chauffeur, Hoke. From an initial mere work relationship grew in 25 years a strong friendship between the two very different characters, in a time when those types of relationships were shunned.",https://www.arte.tv/de/videos/126146-000-A/miss-daisy-und-ihr-chauffeur/,https://letterboxd.com/film/driving-miss-daisy/
Highlander: Es kann nur einen geben,3Sat,,Russell Mulcahy,3.32,,112122,109,28.02.2025,He fought his first battle on the Scottish Highlands in 1536. He will fight his greatest battle on the streets of New York City in 1986. His name is Connor MacLeod. He is immortal.,https://www.3sat.de/film/spielfilm/highlander-es-kann-nur-einen-geben-100.html,https://letterboxd.com/film/highlander/
Kindsköpfe,ZDFneo,,Dennis Dugan,3.32,,939909,98,29.06.2026,"After their high school basketball coach passes away, five good friends and former teammates reunite for a Fourth of July holiday weekend.",https://www.zdf.de/filme/kindskoepfe-movie-100,https://letterboxd.com/film/grown-ups/
Schock,ARTE.DE,,Mario Bava,3.32,,12091,95,07.06.2026,A couple is terrorized in their new house haunted by the vengeful ghost of the woman's former husband who possesses her young son.,https://www.arte.tv/de/videos/100907-000-A/schock/,https://letterboxd.com/film/shock-1977/
Von uns wird es keiner sein,ZDF,,Simon Ostermann,3.32,,374,88,03.06.2026,"An anonymous suicide threat shared on social media causes turmoil at a school. For the students, their parents and the teachers, a race against time begins: who sent the threat? While everyone is on the trail of this question, it turns out that another secret could be involved.",https://www.zdf.de/filme/von-uns-wird-es-keiner-sein-movie-100,https://letterboxd.com/film/von-uns-wird-es-keiner-sein/
À la Carte! - Freiheit geht durch den Magen,ARD,,Éric Besnard,3.31,,10281,105,26.06.2026,"France, 1789 - just before the Revolution. When talented chef Manceron is dismissed from his prestigious position by the Duke of Chamfort, he loses the taste for cooking. But when he meets the mysterious Louise, together they decide to create the very first restaurant in France.",https://www.ardmediathek.de/video/Y3JpZDovL2FyZC5kZS9wbGFuQVJEX2ZhZWZmZWY2LTNmZDItNDIyOS04NDRiLTAwOWU4MDQ2NjYxZl9nYW56ZVNlbmR1bmc,https://letterboxd.com/film/delicious-2021/
À la Carte! – Freiheit geht durch den Magen,3Sat,,Éric Besnard,3.31,,10281,105,08.02.2026,"France, 1789 - just before the Revolution. When talented chef Manceron is dismissed from his prestigious position by the Duke of Chamfort, he loses the taste for cooking. But when he meets the mysterious Louise, together they decide to create the very first restaurant in France.",https://www.3sat.de/film/spielfilm/-la-carte---freiheit-geht-durch-den-magen-100.html,https://letterboxd.com/film/delicious-2021/
Jakobs Ross,ARTE.DE,,Katalin Gödrös,3.31,,282,96,15.05.2026,"The musically highly gifted maid Elsie, who longs for a career as a musician, is forced into marriage with Jacob, a young stable boy who dreams of owning his own horse. Both have to learn that they can only escape their lack of opportunities if they team up.",https://www.arte.tv/de/videos/110971-000-A/jakobs-ross/,https://letterboxd.com/film/songs-within/
Leberkäsjunkie,ARD,,Ed Herzog,3.31,,3315,89,23.06.2026,"While dealing with a burnt-down house, smelly diapers and brutal lack of sleep, a Lower Bavarian police officer faces his worst adversary: cholesterol.",https://www.ardmediathek.de/video/Y3JpZDovL2FyZC5kZS9iZWYzNWM2MC1kNzNhLTRmZWYtYWM4NS1iMWQwMmNkYzIwZDlfZ2FuemVTZW5kdW5n,https://letterboxd.com/film/leberkasjunkie/
The Card Counter,3Sat,,Paul Schrader,3.3,,132077,107,07.11.2025,"William Tell just wants to play cards. His spartan existence on the casino trail is shattered when he is approached by Cirk, a vulnerable and angry young man seeking help to execute his plan for revenge on a military colonel. Tell sees a chance at redemption through his relationship with Cirk. But keeping Cirk on the straight-and-narrow proves impossible, dragging Tell back into the darkness of his past.",https://www.3sat.de/film/spielfilm/the-card-counter-100.html,https://letterboxd.com/film/the-card-counter/
Shorta – Das Gesetz der Straße,3Sat,,"Anders Ølholm, Frederik Louis Hviid",3.3,,5129,101,30.11.2025,"The exact details of what took place while Talib Ben Hassi was in police custody remain unclear. Police officers Jens and Mike are on routine patrol in Svalegården's ghetto when news of Talib's death comes in over the radio, igniting uncontrollable, pent-up rage in the ghetto's youth, who lust for revenge. Suddenly, the two officers find themselves fair game and must fight tooth and claw to find a way out.",https://www.3sat.de/film/spielfilm/shorta-das-gesetz-der-strasse-100.html,https://letterboxd.com/film/enforcement/
Robin Hood - König der Diebe,3Sat,,Kevin Reynolds,3.28,,109370,148,25.12.2025,"Nobleman crusader Robin of Locksley breaks out of a Jerusalem prison with the help of Moorish fellow prisoner Azeem and travels back home to England. But upon arrival he discovers his dead father in the ruins of his family estate, killed by the vicious sheriff of Nottingham, Robin and Azeem join forces with outlaws Little John and Will Scarlett to save the kingdom from the sheriff's villainy.",https://www.3sat.de/film/spielfilm/robin-hood---koenig-der-diebe-100.html,https://letterboxd.com/film/robin-hood-prince-of-thieves/
Kämpferin,ARTE.DE,,Agustín Díaz Yanes,3.27,,10175,91,19.01.2026,"A young agent leaves everything behind to pose as a member of ETA, risking her life to uncover the terrorists' hideouts in the south of France.",https://www.arte.tv/de/videos/129908-000-A/kaempferin/,https://letterboxd.com/film/she-walks-in-darkness/
Der Graf mit der eisernen Faust,ARTE.DE,,André Hunebelle,3.26,,453,101,05.04.2026,The Marquis Rodolphe de Sombrueil accidentally runs over a working man with his carriage and helps his widow -- unjustly accused of robbery -- to find her missing daughter.,https://www.arte.tv/de/videos/117111-000-A/der-graf-mit-der-eisernen-faust/,https://letterboxd.com/film/the-mysteries-of-paris/
Die Päpstin,ZDFneo,,Sönke Wortmann,3.25,,3277,142,21.06.2026,A 9th century woman of English extraction born in the German city of Ingelheim disguises herself as a man and rises through the Vatican ranks.,https://www.zdf.de/filme/die-paepstin-movie-100,https://letterboxd.com/film/pope-joan-2009/
Leere Netze,ARTE.DE,,Behrooz Karamizade,3.25,,797,95,04.07.2025,"Amir, a young Iranian, signs on with a fisherman on the rugged Caspian Sea coast in order to earn the money he needs to marry his sweetheart, Narges. But in so doing, he becomes entangled in the criminal machinations of caviar poaching. Piece by piece, a complex hierarchy is revealed in a parallel realm that becomes ever more constricting and oppressive, endangering Amir’s relationship with Narges as well.",https://www.arte.tv/de/videos/098318-000-A/leere-netze/,https://letterboxd.com/film/empty-nets/
Mein Ende. Dein Anfang.,3Sat,,Mariko Minoguchi,3.24,,891,106,08.03.2025,"The fate of Nora, a supermarket cashier who lives happily with her boyfriend Aron, and that of Natan, a loving father who works as a night watchman, cross paths when misfortune turns their lives upside down.",https://www.3sat.de/film/spielfilm/mein-ende-dein-anfang-104.html,https://letterboxd.com/film/relativity-2019/
Meine chaotische Hochzeit,3Sat,,Wayne Blair,3.24,,2996,97,10.06.2025,"Lauren and Ned are engaged, they are in love, and they have just ten days to find Lauren’s mother who has gone AWOL somewhere in the remote far north of Australia, reunite her parents and pull off their dream wedding.",https://www.3sat.de/film/spielfilm/meine-chaotische-hochzeit-100.html,https://letterboxd.com/film/top-end-wedding/
"Kinder, Küche, Chaos",ARTE.DE,,Isabelle Czajka,3.22,,654,91,13.03.2019,"Juliette was simply not sure about coming to live in this residential suburb of the greater Paris metropolitan area. All the women here are in their forties, have children to raise, houses to keep and husbands who return home late at night.Today she has an appointment in Paris that is important for her career, but she also has to run errands and pick up the kids from school. During the course of her day, monopolized by petty, everyday tasks, Juliette can feel the noose of domestic obligations and household chores slowly tightening around her neck.",https://www.arte.tv/de/videos/083838-000-A/kinder-kueche-chaos/,https://letterboxd.com/film/domestic-life/
Guglhupfgeschwader,3Sat,,Ed Herzog,3.22,,2875,90,16.02.2026,Bavaria's most relaxed village policeman has to face an organized crime syndicate coming after his grandmother's cakes.,https://www.3sat.de/film/spielfilm/guglhupfgeschwader-100.html,https://letterboxd.com/film/guglhupfgeschwader/
Saturday Night Fever - Nur Samstag Nacht,3Sat,,John Badham,3.21,,167883,114,21.06.2025,Tony spends his Saturdays at a disco where his stylish moves raise his popularity among the patrons. But his life outside the disco is not easy and things change when he gets attracted to Stephanie.,https://www.3sat.de/film/spielfilm/saturday-night-fever---nur-samstag-nacht-100.html,https://letterboxd.com/film/saturday-night-fever/
Zu guter Letzt,3Sat,,Mark Pellington,3.21,,5466,100,02.03.2025,"A retired businesswoman – who tries to control everything around her – decides to write her own obituary. A young journalist takes up the task of finding out the truth, and the result is a life-altering friendship.",https://www.3sat.de/film/spielfilm/zu-guter-letzt-100.html,https://letterboxd.com/film/the-last-word-2017/
Die Saat,3Sat,,Mia Maariel Meyer,3.21,,294,97,24.05.2025,"Rainer toils by the sweat of his brow on a building site. His first job as site manager is his much-needed big break. Rising rents in the city have already forced him, his pregnant wife and 13-year-old daughter Doreen to move into a little house in the outskirts which needs renovating. At first, Doreen is not thrilled about her new life but then she meets her neighbour Mara, a girl whose parents are as rich as they are narrow-minded. Before long the new friends are playing with fire. Mara incites Doreen to play some nasty tricks and also entangles her in a theft.",https://www.3sat.de/film/spielfilm/die-saat-102.html,https://letterboxd.com/film/the-seed-2021/
Die Mitte der Welt,3Sat,,Jakob M. Erwa,3.18,,10944,110,28.02.2026,"A strange family: 17-year-old Phil lives with his mother and twin sister in an old mansion on the outskirts of town. When he returns from summer camp, the mood in the mansion has soured somehow. Phil doesn’t worry about it, hanging out with his best friend Kat instead. When he starts to feel attracted to a mysterious new student at school, Phil is plunged into emotional turmoil only exacerbated by the trouble at home.",https://www.3sat.de/film/spielfilm/die-mitte-der-welt-100.html,https://letterboxd.com/film/center-of-my-world/
Rosalie,ARTE.DE,,W.S. Van Dyke,3.18,,225,108,24.06.2026,"West Point cadet Dick Thorpe falls in love with a girl, who turns out to be a princess from an European kingdom.",https://www.arte.tv/de/videos/125582-000-A/rosalie/,https://letterboxd.com/film/rosalie/
Never Grow Old,3Sat,,Ivan Kavanagh,3.18,,2944,95,29.08.2025,"An Irish undertaker profits when outlaws take over a peaceful town, but his own family come under threat as the death toll increases dramatically.",https://www.3sat.de/film/spielfilm/never-grow-old-100.html,https://letterboxd.com/film/never-grow-old/
Der Schut,ARD,,Robert Siodmak,3.17,,479,110,25.05.2026,"When a villain named ""Der Schut"" terrorizes the constituents of Albanian country, which he rules, heroic Kara Ben Nemsi and his sidekick are the only ones who can stop him.",https://www.ardmediathek.de/video/Y3JpZDovL2FyZC5kZS9lZDBmZTIyYi1hZmVjLTQzMTctYmFmNi1kYzdhN2JmZTkzNDFfZ2FuemVTZW5kdW5n,https://letterboxd.com/film/yellow-devil/
I See You – Das Böse ist näher als du denkst,3Sat,,Adam Randall,3.17,,138210,87,15.03.2026,"When a 12-year-old boy goes missing at a local park, a detective investigates the case to help the boy's family find answers.",https://www.3sat.de/film/spielfilm/i-see-you-das-boese-ist-naeher-als-du-denkst-100.html,https://letterboxd.com/film/i-see-you-2019/
Im Netz der Gewalt,3Sat,,Joel Souza,3.16,,2781,105,14.03.2025,"One memorable night in the life of veteran patrol officer Ray Mandel and his trainee, ambitious rookie cop Nick Holland in the LAPD's Olympic Division. With two cop killers on the loose and hunting for more targets, Mandel and Holland must contend with a city about to boil over, as well as Jack VanZandt, an unhinged rogue cop out for payback running wild in their patrol zone.",https://www.3sat.de/film/spielfilm/im-netz-der-gewalt-100.html,https://letterboxd.com/film/crown-vic/
Banditen!,3Sat,,Barry Levinson,3.15,,26253,117,13.03.2026,"After escaping from prison, Joe and Terry go on a crime spree, robbing banks through Oregon and California in order to finance their scheme for a new life south of the border. Unfortunately, things get more complicated when they meet Kate, who runs into them with her car. She joins the bandits on their cross-country spree, and eventually she steals something, too: their hearts.",https://www.3sat.de/film/spielfilm/banditen-100.html,https://letterboxd.com/film/bandits-2001/
Enkel für Anfänger,ARD,,Wolfgang Groos,3.15,,836,97,27.06.2026,"Retirees Karin, Gerhard and Philippa are not in the mood for Nordic walking and seniors' courses at the university. When Philippa, who is living life to the full as Leonie's godmother, helps the two to unexpected grandparenthood, they suddenly have two ""lively"" god-grandchildren to look after, a huge bouncy castle standing in the garden and Lego bricks stuck to their feet.",https://www.ardmediathek.de/video/Y3JpZDovL2FyZC5kZS9wbGFuQVJEXzA4NTc3NDVlLTAxZTctNDJiZC1hMGI0LTEzZjE1ZGNiZGY3N19nYW56ZVNlbmR1bmc,https://letterboxd.com/film/granny-nanny/
Der Effekt des Wassers,ARTE.DE,,Sólveig Anspach,3.15,,1534,77,09.05.2018,"Samir, a lanky crane operator in Montreuil, falls madly for Agathe. As master swimmer at the pool Thorez he decides to take swimming lessons with her. But the lie does not last three lessons - Agathe hate liars. Chosen to represent the Seine-Saint-Denis, Agathe flies to Iceland for the 10th Congress of the International Masters Swimming. Samir has no choice but to fly in turn also.",https://www.arte.tv/de/videos/080049-000-A/der-effekt-des-wassers/,https://letterboxd.com/film/the-together-project/
Gold,ARTE.DE,,Stephen Gaghan,3.14,,31919,119,11.04.2026,"Kenny Wells, a modern-day prospector, hustler, and dreamer, is desperate for a lucky break. Left with few options, Wells teams up with an equally luckless geologist to execute a grandiose, last-ditch effort: to find gold deep in the uncharted jungle of Indonesia.",https://www.arte.tv/de/videos/129822-000-A/gold/,https://letterboxd.com/film/gold-2016/
Fräulein Smillas Gespür für Schnee,3Sat,,Bille August,3.14,,5304,113,27.12.2025,"Smilla Jaspersen attempts to understand the death of a small boy who falls from the roof of her apartment building. Suspecting wrongdoing, Smilla uncovers a trail of clues leading towards a secretive corporation that has made several mysterious expeditions to Greenland.",https://www.3sat.de/film/spielfilm/fraeulein-smillas-gespuer-fuer-schnee-100.html,https://letterboxd.com/film/smillas-sense-of-snow/
Das Mädchen deiner Träume,ZDF,,Luke Eve,3.14,,2224,104,22.06.2026,"An aspiring musician struggling with schizophrenia falls for a mysterious woman who may be all in his head. When she suddenly vanishes, he takes off on a cross-country journey across Australia to find her, forcing his long-suffering brother to chase after him.",https://www.zdf.de/filme/das-maedchen-deiner-traeume-movie-100,https://letterboxd.com/film/i-met-a-girl/
Madame Annie und ihre Familie,ZDF,,Emmanuel Poulain-Arnaud,3.14,,2384,76,18.06.2026,"Annie lives in harmony with her husband Laurent and her children: the sensitive elders Maximilien and César; the younger Antoine whom Poupi, never-complaining teen, helps raising him. But a positive pregnancy test will disturb the harmony.",https://www.zdf.de/filme/madame-annie-und-ihre-familie-movie-100,https://letterboxd.com/film/the-test-2021-1/
Pettersson und Findus - Findus zieht um,ZDF-tivi,,Ali Samadi Ahadi,3.14,,217,73,08.06.2026,"The old man Petterson is trying to sleep but his cat Findus is keeping him awake, so they both agree that Findus shall have his own house.",https://www.zdf.de/animation/pettersson-und-findus---findus-zieht-um-movie-100,https://letterboxd.com/film/pettson-and-findus-findus-moves-house/
Eine Frau mit berauschenden Talenten,3Sat,,Jean-Paul Salomé,3.12,,5712,97,16.08.2025,A translator working for the police gets involved in the other side of drug dealing.,https://www.3sat.de/film/spielfilm/eine-frau-mit-berauschenden-talenten-104.html,https://letterboxd.com/film/mama-weed/
22 Kugeln – Die Rache des Profis,3Sat,,Richard Berry,3.11,,11363,104,05.12.2025,A retired mobster goes on a revenge spree after being left for dead with 22 bullets in his body by his former childhood friend.,https://www.3sat.de/film/spielfilm/22-kugeln-die-rache-des-profis-106.html,https://letterboxd.com/film/22-bullets/
Alles gelogen,ZDF,,Erik Haffner,3.11,,368,88,13.05.2026,"Hajo Siewers lives with his wife Vera and his teenage son Marvin in a residential area for single family homes. He has a tendency to stretch the limits between truth and lies. One day, he might have gone too far and risks to lose everything he loves.",https://www.zdf.de/filme/alles-gelogen-movie-100,https://letterboxd.com/film/alles-gelogen/
Mo Hayder: Ritualmord,ZDF,,Hans Herbots,3.1,,977,118,28.06.2026,"The discovery of a chopped-off hand in a Brussels canal forces Belgian police diver Kiki to face deep guilt from the past, her own and her country’s.  Based on the book ‘Ritual’ by Mo Hayder.",https://www.zdf.de/filme/mo-hayder-ritualmord-movie-100,https://letterboxd.com/film/ritual-2022/
Die Pyramide des Sonnengottes,3Sat,,Robert Siodmak,3.09,,299,94,24.05.2026,"Mexico, 1864. The country is divided by the struggle against the French occupation and emperor Maximilian. The German doctor Karl Sternau and his friend Andreas Hasenpfeffer come to love the country and support the cause of the proud Mexicans.",https://www.3sat.de/film/spielfilm/die-pyramide-des-sonnengottes-100.html,https://letterboxd.com/film/pyramid-of-the-sun-god/
Kein Wort,ARTE.DE,,Hanna Antonina Wojcik-Slak,3.09,,394,79,22.06.2026,"On a barren island, a mother and son confront years of silence and misunderstandings in writer-director Hanna Slak’s formidable fourth feature film starring Maren Eggert, scored by Amélie Legrand, and shot by Claire Mathon.",https://www.arte.tv/de/videos/105548-000-A/kein-wort/,https://letterboxd.com/film/not-a-word-2023/
Mein Lotta-Leben – Alles Tschaka mit Alpaka!,ZDF-tivi,,Martina Plura,3.08,,215,78,10.06.2026,"Lotta Petermann is looking forward to her first class trip. Finally without parents and with her best friends Amrum unsicher machen - that promises pure adventure! But Mama Sabine sabotages Lotta's plans and suggests Papa Rainer, of all people, to accompany her on the class trip - how embarrassing!",https://www.zdf.de/filme/mein-lotta-leben--alles-tschaka-mit-alpaka-movie-100,https://letterboxd.com/film/my-life-as-lotta-okey-dokey-alpaca/
Greedy People - Gelegenheit macht gierig,ZDF,,Potsy Ponciroli,3.06,,21207,108,23.06.2026,"The eclectic residents of a small, picturesque island town must navigate a sensational murder and the discovery of a million dollars, leading to a series of increasingly bad decisions which upend the once-peaceful community.",https://www.zdf.de/filme/greedy-people---gelegenheit-macht-gierig-movie-100,https://letterboxd.com/film/greedy-people/
Die Witwe Clicquot,3Sat,,Thomas Napper,3.06,,10607,86,04.06.2026,"After her husband's death, Madame Clicquot flouts convention by assuming the reins of their wine business, defying her critics and ultimately revolutionizing the champagne industry, establishing her as one of the world's first great businesswomen.",https://www.3sat.de/film/spielfilm/die-witwe-clicquot-100.html,https://letterboxd.com/film/widow-clicquot/
Die Frau von gegenüber,ARTE.DE,,Patrice Leconte,3.06,,1457,79,17.06.2026,"Abandoned by his wife, Bernard struggles to overcome his grief and settles in a residence for singles. Employed by ""SOS Doctors"", he provides night guards to occupy his insomnia. That's how he is brought one night to help a neighbor, Nadine Foulon, victim of discomfort in the elevator. It turns out that Nadine is also going through a difficult time, since her companion, Terry, a singer-guitarist, has left her. A professional photographer, she can not forget it and has since oscillated between depression and bulimia. Gathered by their pains of heart, these two beings will, with the wire of the confidences, become more intimate ...",https://www.arte.tv/de/videos/129308-000-A/die-frau-von-gegenueber/,https://letterboxd.com/film/singles-1982/
Rogue Trader,3Sat,,James Dearden,3.06,,2843,71,11.10.2025,"Rogue Trader tells the true story of Nick Leeson, an employee of Barings Bank who--after a successful trading run--ends up accumulating $1.4 billion in losses hidden in account #88888.",https://www.3sat.de/film/spielfilm/rogue-trader-100.html,https://letterboxd.com/film/rogue-trader/
Olivia,ZDF,,Ulli Lommel,3.05,,2368,89,15.05.2026,"Nightmares of the past haunt the beautiful, mysterious Olivia, a London resident who begins a passionate affair with American businessman Mike. Trapped in a loveless marriage and traumatized by memories of her mother's brutal murder, Olivia hopes her lover will offer a chance at a new life. However, ghostly voices and brutal murders ignite a fiendish, twist-filled story of double identities, deception, and erotic terror.",https://www.zdf.de/filme/olivia-movie-100,https://letterboxd.com/film/olivia-1983/
Chefs Leckerbissen,ARTE.DE,,Nacho G. Velilla,3.02,,1213,103,25.02.2026,"Maxi thinks his life is perfect. He is a famous cook who owns a successful restaurant in Chueca and is living his life as a gay man without much complex. But when his son Edu and his daughter Alba appear, and a new attractive neighbor comes along, it will have a strong effect on his life resulting in his values being challenged for ever.",https://www.arte.tv/de/videos/130205-000-A/chefs-leckerbissen/,https://letterboxd.com/film/chefs-special/
Plan A – Was würdest du tun?,3Sat,,"Doron Paz, Yoav Paz",3.02,,1197,99,13.03.2026,"Germany 1945, Max, a Jewish Holocaust survivor, meets a radical group of Jewish resistance fighters, who, like him, lost all hope for their future after they were robbed of their existence and their entire families were killed by the Nazis. They dream of retaliation on an epic scale for the Jewish people. An eye for an eye, a tooth for a tooth. Max starts identifying with the group's monstrous plans...",https://www.3sat.de/film/spielfilm/plan-a-was-wuerdest-du-tun-100.html,https://letterboxd.com/film/plan-a/
Jennifer 8,ARTE.DE,,Bruce Robinson,3.01,,8487,120,17.03.2026,"John Berlin, a big-city cop from LA moves to a small-town police force and immediately finds himself investigating a murder. Using theories rejected by his colleagues, Berlin meets a young blind woman named Helena, whom he is attracted to. Meanwhile, a serial killer is on the loose—and only John knows it.",https://www.arte.tv/de/videos/130329-000-A/jennifer-8/,https://letterboxd.com/film/jennifer-eight/
Madame Sidonie in Japan,ARTE.DE,,Elise Girard,3.01,,5129,89,17.06.2026,"Sidonie Perceval, an established French writer, is mourning her deceased husband.  Invited to Japan for the reedition of her first book, she is welcomed by her local editor who takes her to Kyoto, the city of shrines and temples. As they travel together through the Japanese spring blossoms, she slowly opens up to him.  But the ghost of her husband follows Sidonie: she will have to finally let go of the past to let herself love again.",https://www.arte.tv/de/videos/100896-000-A/madame-sidonie-in-japan/,https://letterboxd.com/film/sidonie-in-japan/
Schweigend steht der Wald,3Sat,,Saralisa Volm,3.01,,739,89,23.01.2026,"As a forestry student doing an internship, Anja Grimm ends up in that remote area in the Upper Palatinate Forest, where she went on vacation with her parents as an eight-year-old girl and her father disappeared without a trace. Her job is to take soil samples to create a soil map. At one point in the forest floor she comes across abnormal irregularities. Not long after their arrival, a brutal murder occurs. Anja soon arouses suspicion and hostility not only among the villagers with her suspicion that the perpetrator knows something about her father's fate and with her questions about the atypical soil composition in the forest clearing. Even the police react extremely reservedly to their investigations. And when it turns out that the young woman can read the signs of the forest like an open book, forces mobilize in the village who are apparently ready for anything because there is a dark secret that needs to be kept.",https://www.3sat.de/film/spielfilm/schweigend-steht-der-wald-102.html,https://letterboxd.com/film/the-silent-forest-2022/
Lehrer kann jeder!,ZDF,,Ingo Rasper,2.99,,276,88,16.05.2026,"Richard lives apart from his wife. He is unemployed. His life is really not running smoothly right now. Rather by chance, he gets into conversation with the director of his daughter's school, who is desperately looking for teachers - which gives Richard an idea. He is a mathematician. And after all, everyone can become a teacher!",https://www.zdf.de/filme/lehrer-kann-jeder-movie-100,https://letterboxd.com/film/lehrer-kann-jeder/
Notre Dame - Die Liebe ist eine Baustelle,ARTE.DE,,Valérie Donzelli,2.98,,1562,85,01.04.2026,"Maud is an architect and a mother. Due to a misunderstanding, she wins the competition to refurbish the parvis of Notre-Dame. Torn between these responsibilities and love issues, she will go through an emotional storm.",https://www.arte.tv/de/videos/129910-000-A/notre-dame-die-liebe-ist-eine-baustelle/,https://letterboxd.com/film/notre-dame/
Bleib bei uns,3Sat,,Gad Elmaleh,2.97,,2083,89,25.01.2026,"Gad Elmaleh decides to leave New York and move back to Paris, to get baptized and become a Catholic. Despite his attempt to hide the truth from his Jewish family, Gad's parents discover their son's unconditional love for the Virgin Mary – and for them, it’s a nightmare! Determined to bring Gad back to reason and to his Jewishness, they turn his conversion into a battlefield - as Gad tries to make them understand by any means necessary that his sincere beliefs do not change his identity and the love he has for his family.",https://www.3sat.de/film/spielfilm/bleib-bei-uns-100.html,https://letterboxd.com/film/stay-with-us/
Ein Kind wie Jake,3Sat,,Silas Howard,2.94,,3694,85,19.08.2025,"On the eve of the admissions cycle for New York City kindergartens, Alex and Greg Wheeler have high hopes for four-year-old Jake. The director of Jake's preschool encourages them to accentuate Jake's gender expansive behavior to help him stand out. As Alex and Greg navigate their roles as parents, a rift grows between them, one that forces them to confront their own concerns about what's best for Jake, and each other.",https://www.3sat.de/film/spielfilm/ein-kind-wie-jake-100.html,https://letterboxd.com/film/a-kid-like-jake/
Ein unmoralisches Angebot,ARD,,Adrian Lyne,2.9,,66366,109,16.06.2026,John Gage offers a down-on-his-luck yuppie husband $1 million for the opportunity to spend the night with the man's wife.,https://www.ardmediathek.de/video/Y3JpZDovL2FyZC5kZS9wbGFuQVJEXzA2NjI1ZDEwLTFkYWMtNDY3Zi04N2VjLTVmNjEwMGI1ZGZiOV9nYW56ZVNlbmR1bmc,https://letterboxd.com/film/indecent-proposal/
Ein unmoralisches Angebot,3Sat,,Adrian Lyne,2.9,,66366,109,26.06.2026,John Gage offers a down-on-his-luck yuppie husband $1 million for the opportunity to spend the night with the man's wife.,https://www.3sat.de/film/spielfilm/ein-unmoralisches-angebot-100.html,https://letterboxd.com/film/indecent-proposal/
Kalt erwischt,ARTE.DE,,Emmanuelle Cuau,2.9,,1003,82,04.03.2026,A single mother gets entangled in a web of lies to protect her sons.,https://www.arte.tv/de/videos/129911-000-A/kalt-erwischt/,https://letterboxd.com/film/not-on-my-watch/
Paris kann warten,ARD,,Eleanor Coppola,2.85,,5808,87,25.05.2026,"Anne is at a crossroads in her life. Long married to a successful, driven but inattentive movie producer, she unexpectedly finds herself taking a car trip from Cannes to Paris with Jacques, a business associate of her husband. What should be a seven-hour drive turns into a carefree two-day adventure replete with diversions involving picturesque sights, fine food and wine, humor, wisdom and romance - reawakening Anne's senses and giving her a new lust for life.",https://www.ardmediathek.de/video/Y3JpZDovL2FyZC5kZS9wbGFuQVJEX2UxMjQ1MzcxLWRlZjYtNDFjYy05ODUxLWFlY2MxNWNlMjkyMF9nYW56ZVNlbmR1bmc,https://letterboxd.com/film/paris-can-wait/
La Maison - Haus der Lust,3Sat,,Anissa Bonnefont,2.81,,2535,84,01.09.2025,"Emma, a French novelist aged 27, decide to go to Berlin and join a brothel to uncover the prostitution world, the subject of her new book. Such as gonzo journalism, Emma become a prostitute and her experience, which was supposed to last a few weeks, will last two years. Was writing her book an excuse for Emma to live a shameful fantasy?",https://www.3sat.de/film/spielfilm/la-maison---haus-der-lust-100.html,https://letterboxd.com/film/the-house-2022/
"Es ist nur eine Phase, Hase",3Sat,,Florian Gallenberger,2.78,,1249,99,21.06.2026,"The successful writer Paul and the sought-after voice actress Emilia were always considered to be the absolute dream couple by friends: Harmonious, happy, successful, with three charming children named Bo, Marie and Fe. But now, in their late 40s, their relationship is threatened by a crisis.",https://www.3sat.de/film/spielfilm/es-ist-nur-eine-phase-hase-100.html,https://letterboxd.com/film/its-just-a-phase-honeybunny/
Liebe auf 4 Pfoten,ZDF,,Finn Taylor,2.78,,1028,90,14.06.2026,"When a cosmic event turns Emma's dog and cat into two perfect guys, Emma reconsiders her outlook on dating, hilariously works out her trust issues, and ultimately learns to love herself.",https://www.zdf.de/filme/liebe-auf-4-pfoten-movie-100,https://letterboxd.com/film/unleashed-2017/
Alibi.com 2,ZDF,,Philippe Lacheau,2.78,,29601,84,26.06.2026,"After closing his agency Alibi.com and promising Flo that he would never lie to her again, Greg's new life became quiet, too quiet... Not for long! When he decides to propose to Flo, Greg is up against the wall and has to introduce his family. But with his crooked father and his ex-charm actress mother, this could ruin his future union. He has no choice but to reopen his agency with his former accomplices for an ultimate Alibi and to find more presentable fake parents.",https://www.zdf.de/filme/alibicom-2-movie-100,https://letterboxd.com/film/alibicom-2/
See for Me - Der unsichtbare Feind,ZDF,,Randall Okita,2.75,,17101,84,28.05.2026,"When blind former Olympic skier Sophie Scott cat-sits in a secluded mansion, she gets caught in the crossfire of a home invasion scheme. She must rely on a sighted Army veteran via the See for Me app to help her survive the night.",https://www.zdf.de/filme/see-for-me---der-unsichtbare-feind-movie-100,https://letterboxd.com/film/see-for-me/
Curiosa - Die Kunst der Verführung,3Sat,,Lou Jeunet,2.68,,9411,100,06.01.2026,"A passionate love story set against a backdrop of sexual freedom, loosely based on the relationship between 19th century authors Pierre Louÿs and Marie de Régnier.",https://www.3sat.de/film/spielfilm/curiosa---die-kunst-der-verfuehrung-100.html,https://letterboxd.com/film/curiosa/
Staying Alive,ARTE.DE,,Sylvester Stallone,2.6,,13883,92,25.06.2026,It's five years later and Tony Manero's Saturday Night Fever is still burning. Now he's strutting toward his biggest challenger yet - making it as a dancer on the Broadway stage.,https://www.arte.tv/de/videos/130330-000-A/staying-alive/,https://letterboxd.com/film/staying-alive/
Close,3Sat,,Vicky Jewson,2.58,,13235,99,22.03.2025,"A counter-terrorism expert takes a job protecting a young heiress. After an attempted kidnapping puts both of their lives in danger, they must flee.",https://www.3sat.de/film/spielfilm/close-100.html,https://letterboxd.com/film/close-2019/
Jagen auf Französisch,ZDF,,"Antonin Fourlon, Frédéric Forestier",2.58,,9197,96,21.06.2026,"Flanked by their two children, Simon and Adélaïde decide, like many Parisians today, to leave their two-room apartment for a quieter and more comfortable life in the country. They are seduced by a house in the middle of nature: space, a vegetable garden, a wood adjoining their garden and above all villagers who welcome them with open arms. A dream come true! But the young couple was soon to be disillusioned: the wood was actually a hunting ground for big game! Although the hunters are friendly, they are not willing to give up their territory, making Simon and Adélaïde's dream of the countryside a living hell. But true to their reputation, our Parisians are not going to let them do it.",https://www.zdf.de/filme/jagen-auf-franzoesisch-movie-100,https://letterboxd.com/film/open-season-2023/
Last Dance,3Sat,,Kelly Marcel,2.55,,561299,82,29.03.2026,"Eddie and Venom are on the run. Hunted by both of their worlds and with the net closing in, the duo are forced into a devastating decision that will bring the curtains down on Venom and Eddie's last dance.",https://www.3sat.de/film/spielfilm/last-dance-100.html,https://letterboxd.com/film/venom-the-last-dance/
Bluff,ARD,,Frank E. Flowers,2.54,,28608,103,13.06.2026,"When her tranquil life on a remote island is shattered by the return of her vengeful former captain, a skilled ex-pirate must confront her bloody past and unleash her deadly talents to save her family from a ruthless siege.",https://www.ardmediathek.de/video/Y3JpZDovL2FyZC5kZS9wbGFuQVJEX2I3NzBiZjBhLTIxZDgtNDcwYy05MTE3LWRmMTI3ZTk1OTI1Ml9nYW56ZVNlbmR1bmc,https://letterboxd.com/film/the-bluff-2026/
Die Spur der Knochen,ZDF,,Jorge Dorado,2.52,,2189,99,01.06.2026,"Mario, a worker in ""lost and found"" department, finds a suitcase with a dead baby inside.",https://www.zdf.de/filme/die-spur-der-knochen-movie-100,https://letterboxd.com/film/lost-found-2022/
Vanished - Tage der Angst,ZDF,,Peter Facinelli,2.49,,10203,110,08.06.2026,"A family vacation takes a terrifying turn when parents Paul and Wendy discover their young daughter has vanished without a trace. Stopping at nothing to find her, the search for the truth leads to a shocking revelation.",https://www.zdf.de/filme/vanished---tage-der-angst-movie-100,https://letterboxd.com/film/the-vanished-2020/
Into the Beat - Dein Herz tanzt,ZDF-tivi,,Stefan Westerwelle,2.43,,3902,92,30.04.2026,"Katya is a young, outstanding and upcoming ballet dancer. In just a few weeks she is due to have a major audition for the New York Ballet Academy and Katya has good chances of getting a scholarship. But when she meets a group of street-dancers the girl dives into a completely new world.",https://www.zdf.de/filme/into-the-beat---dein-herz-tanzt-movie-100,https://letterboxd.com/film/into-the-beat/
"Berlin, Berlin - Der Kinofilm",3Sat,,Franziska Meyer Price,2.39,,769,73,31.08.2025,"Lolle's love life in Berlin is as complicated as ever. After the story with Sven, her second cousin, was over, she got together with her best friend Hart and the two are about to get married. That is, if Sven doesn't ruin things.",https://www.3sat.de/film/spielfilm/berlin-berlin---der-kinofilm-100.html,https://letterboxd.com/film/berlin-berlin/
Canary Black,ZDF,,Pierre Morel,2.28,,8584,98,11.06.2026,"Top level CIA agent Avery Graves is blackmailed by terrorists into betraying her own country to save her kidnapped husband. Cut off from her team, she turns to her underworld contacts to survive and help locate the coveted intelligence that the kidnappers want.",https://www.zdf.de/filme/canary-black-movie-100,https://letterboxd.com/film/canary-black/
